{
  "loss": [
    0.49864260375499725,
    0.37481302063067756,
    0.33399529368480046,
    0.31026458613673846,
    0.29495577483971913,
    0.2773908587177594,
    0.2653659306029479,
    0.25499816830356914,
    0.2452184169650078,
    0.2372109701146682
  ],
  "accuracy": [
    0.8243666887283325,
    0.864633321762085,
    0.878083348274231,
    0.8856499791145325,
    0.8912000060081482,
    0.8978333473205566,
    0.9011833071708679,
    0.9048333168029785,
    0.9085000157356262,
    0.9105666875839233
  ]
}